score	chapter	kind	src_text	tgt_text
-0.100	1	0-1		"In the room in which she was usually to be found, and of which she would say, ""Yes, I like this room; I use it a great deal."
-0.100	1	1-0	Au fur et à mesure que s’effacerait mon ennui que Gilberte eût haussé les épaules, diminuerait aussi le souvenir de son charme, souvenir qui me faisait souhaiter qu’elle revînt vers moi.	
-0.100	1	1-0	Aujourd’hui, comme un auteur s’effraye de voir ses propres rêveries qui lui paraissent sans grande valeur parce qu’il ne les sépare pas de lui-même, obliger un éditeur à choisir un papier, à employer des caractères peut-être trop beaux pour elles, je me demandais si mon désir d’écrire était quelque chose d’assez important pour que mon père dépensât à cause de cela tant de bonté.	
-0.100	1	1-0	C’est son œuvre elle-même qui, en fécondant les rares esprits capables de le comprendre, les fera croître et multiplier.	
-0.100	1	1-0	En ce sens c’était bien en effet chaque jour une nouvelle amitié qui commençait.	
-0.100	1	1-0	Mais j’étais encore bien loin de cette mort du passé.	
-0.100	1	1-0	Mais surtout en parlant de mes goûts qui ne changeraient plus, de ce qui était destiné à rendre mon existence heureuse, il insinuait en moi deux terribles soupçons.	
-0.100	4	1-0	C’était la mer que j’espérais retrouver, si j’allais dans quelque ville où elles seraient.	
-0.100	4	1-0	Si elle m’avait vu, qu’avais-je pu lui représenter?	
-0.049	4	1-1	C’est la grande amour.	Got it bad, he has.
0.023	1	4-1	Or, il n’est plus un enfant. Il sait bien maintenant ce qu’il aime, il est peu probable qu’il change, et il est capable de se rendre compte de ce qui le rendra heureux dans l’existence.» En attendant que grâce à la liberté qu’elles m’octroyaient, je fusse, ou non, heureux dans l’existence, les paroles de mon père me firent ce soir-là bien de la peine. De tout temps ses gentillesses imprévues m’avaient, quand elles se produisaient, donné une telle envie d’embrasser au-dessus de sa barbe ses joues colorées que si je n’y cédais pas, c’était seulement par peur de lui déplaire.	But apart from that, when he spoke of my inclinations as no longer liable to change, he awakened in me two terrible suspicions.
0.024	1	1-1	Qui sait?	Still, you can never tell.
0.066	1	1-2	«Comme ça, v’lan dans la figure, v’lan, elle ne lui a pas envoyé dire.	Right in the face; bang! She made no bones about it, I can tell you!
0.073	1	1-1	«Il faut, m’avait dit la femme du docteur qui ne l’avait jamais vue faire «autant de frais», que vous ayez ensemble des atomes crochus.»	"(""You and she must have hooked atoms."")"
0.082	1	1-1	Du reste c’est un retapage.	"Besides, it's only an old thing I've had done up."""
0.100	1	1-1	—Mais, madame, il faut pouvoir.	"""But, my dear, it isn't what one's glad to do; it's what one is able to do!"
0.103	1	1-1	J’épiais chaque craquement.	I strained my ears to catch the slightest sound.
0.103	1	1-1	Ça travaillait beaucoup.	Plenty of custom there.
0.104	2	1-1	—Ah! vous m’en direz tant.	"""D'you mean to say so?"
0.105	3	1-1	On y juge sévèrement la galerie.	"We're very strict there, don't you know."""
0.106	4	1-1	Je vous demanderais des conseils pour l’aménager.	"""I should come to you to tell me how to run it."
0.111	4	1-1	Ah! vous aimez à faire le lézard?	I see, you just bask in the sun like a lizard; you enjoy that.
